
insert into Usuario (dni, email, nombre, apellidos, telefono, fecha_nac, admin) values ('57094877i', 'jlount0@sohu.com', 'Jessi', 'Lount', '9538460968', '8/9/1996', 0);
insert into Usuario (dni, email, nombre, apellidos, telefono, fecha_nac, admin) values ('69217764u', 'ibrunsen1@cnbc.com', 'Isabel', 'Brunsen', '6701312632', '11/8/1997', 0);
insert into Usuario (dni, email, nombre, apellidos, telefono, fecha_nac, admin) values ('18239099h', 'gditzel2@tumblr.com', 'Gaye', 'Ditzel', '4828355955', '5/20/1994', 1);
insert into Usuario (dni, email, nombre, apellidos, telefono, fecha_nac, admin) values ('14367034n', 'dbroadfoot3@surveymonkey.com', 'Dehlia', 'Broadfoot', '2251280503', '2/18/1999', 0);
insert into Usuario (dni, email, nombre, apellidos, telefono, fecha_nac, admin) values ('76105451u', 'bprigg4@spiegel.de', 'Berty', 'Prigg', '2457275117', '1/9/2002', 0);
insert into Usuario (dni, email, nombre, apellidos, telefono, fecha_nac, admin) values ('49503507o', 'ahunnaball5@drupal.org', 'Ansell', 'Hunnaball', '7834213892', '12/25/1994', 1);
insert into Usuario (dni, email, nombre, apellidos, telefono, fecha_nac, admin) values ('23614246k', 'rreames6@sohu.com', 'Rochell', 'Reames', '5837124966', '10/4/1998', 0);
insert into Usuario (dni, email, nombre, apellidos, telefono, fecha_nac, admin) values ('19217762l', 'cfairleigh7@blogger.com', 'Chariot', 'Fairleigh', '6265791498', '12/5/1992', 0);
insert into Usuario (dni, email, nombre, apellidos, telefono, fecha_nac, admin) values ('14330443u', 'sneate8@gnu.org', 'Syd', 'Neate', '5168846877', '5/1/1992', 0);
insert into Usuario (dni, email, nombre, apellidos, telefono, fecha_nac, admin) values ('06498067j', 'ckenealy9@lycos.com', 'Catrina', 'Kenealy', '4955290808', '6/19/2000', 1);
insert into Usuario (dni, email, nombre, apellidos, telefono, fecha_nac, admin) values ('31616408v', 'mkettemana@slashdot.org', 'Meryl', 'Ketteman', '8175816457', '8/2/2001', 0);
insert into Usuario (dni, email, nombre, apellidos, telefono, fecha_nac, admin) values ('02033074o', 'abaggelleyb@boston.com', 'Adolpho', 'Baggelley', '6097583697', '2/28/2004', 0);
insert into Usuario (dni, email, nombre, apellidos, telefono, fecha_nac, admin) values ('84101664t', 'cbehrensc@sciencedaily.com', 'Christy', 'Behrens', '8832758735', '2/18/2002', 0);
insert into Usuario (dni, email, nombre, apellidos, telefono, fecha_nac, admin) values ('25157844p', 'dwoolfd@wufoo.com', 'Desi', 'Woolf', '1156970617', '3/11/1999', 0);
insert into Usuario (dni, email, nombre, apellidos, telefono, fecha_nac, admin) values ('99054846e', 'tmacallastere@vistaprint.com', 'Tiphani', 'MacAllaster', '8413116598', '12/23/1999', 1);
insert into Usuario (dni, email, nombre, apellidos, telefono, fecha_nac, admin) values ('39065137j', 'fgurneef@de.vu', 'Feodora', 'Gurnee', '3559589168', '2/20/2001', 1);
insert into Usuario (dni, email, nombre, apellidos, telefono, fecha_nac, admin) values ('94444484v', 'plinleyg@wordpress.com', 'Pietro', 'Linley', '9411624680', '7/30/2002', 1);
insert into Usuario (dni, email, nombre, apellidos, telefono, fecha_nac, admin) values ('68399192b', 'ltunnahh@archive.org', 'Leigh', 'Tunnah', '5469498699', '12/12/1998', 0);
insert into Usuario (dni, email, nombre, apellidos, telefono, fecha_nac, admin) values ('06391755d', 'tfearnei@dagondesign.com', 'Teodor', 'Fearne', '1207275195', '11/13/1996', 0);
insert into Usuario (dni, email, nombre, apellidos, telefono, fecha_nac, admin) values ('43017988z', 'pcolsonj@smugmug.com', 'Patience', 'Colson', '1868796292', '4/7/1994', 1);
insert into Usuario (dni, email, nombre, apellidos, telefono, fecha_nac, admin) values ('38028367d', 'thedditchk@geocities.com', 'Terra', 'Hedditch', '1265700091', '5/26/2002', 1);
insert into Usuario (dni, email, nombre, apellidos, telefono, fecha_nac, admin) values ('10262497w', 'bribbonl@weebly.com', 'Barnabe', 'Ribbon', '9031934457', '1/20/2001', 1);
insert into Usuario (dni, email, nombre, apellidos, telefono, fecha_nac, admin) values ('14595110h', 'rdurrancem@adobe.com', 'Rebe', 'Durrance', '8094719020', '2/13/1993', 0);
insert into Usuario (dni, email, nombre, apellidos, telefono, fecha_nac, admin) values ('86615699o', 'apelfern@nps.gov', 'Alvan', 'Pelfer', '5623809324', '5/6/1996', 1);
insert into Usuario (dni, email, nombre, apellidos, telefono, fecha_nac, admin) values ('55633213y', 'ssleenyo@redcross.org', 'Sandy', 'Sleeny', '2106511095', '3/8/1991', 1);
insert into Usuario (dni, email, nombre, apellidos, telefono, fecha_nac, admin) values ('47617872v', 'lnethercottp@hexun.com', 'Luella', 'Nethercott', '6505509883', '2/14/1992', 0);
insert into Usuario (dni, email, nombre, apellidos, telefono, fecha_nac, admin) values ('05062433h', 'rbeatyq@who.int', 'Rupert', 'Beaty', '9104493612', '2/19/1997', 1);
insert into Usuario (dni, email, nombre, apellidos, telefono, fecha_nac, admin) values ('52715764a', 'tsuthernsr@vkontakte.ru', 'Tiffi', 'Sutherns', '4795725335', '9/13/1998', 0);
insert into Usuario (dni, email, nombre, apellidos, telefono, fecha_nac, admin) values ('79826947h', 'rbussons@theatlantic.com', 'Rebeka', 'Busson', '5205313131', '4/25/1995', 0);
insert into Usuario (dni, email, nombre, apellidos, telefono, fecha_nac, admin) values ('34245215o', 'tdunseatht@howstuffworks.com', 'Tilda', 'Dunseath', '1388626151', '9/6/1999', 0);
insert into Usuario (dni, email, nombre, apellidos, telefono, fecha_nac, admin) values ('07329569v', 'akennedyu@china.com.cn', 'Asher', 'Kennedy', '4951315140', '12/14/1990', 0);
insert into Usuario (dni, email, nombre, apellidos, telefono, fecha_nac, admin) values ('18042860c', 'rfeehelyv@fastcompany.com', 'Roselia', 'Feehely', '2895223771', '12/31/1990', 1);
insert into Usuario (dni, email, nombre, apellidos, telefono, fecha_nac, admin) values ('73996262f', 'sgourliew@issuu.com', 'Sebastiano', 'Gourlie', '1454187060', '6/4/1996', 1);

insert into Usuario (dni, email, nombre, apellidos, telefono, fecha_nac, admin) values ('33433323t','pdc@email.com', 'Pepe', ' Domingo Castaño', '883847575', '10/10/1950', 0);
insert into Usuario (dni, email, nombre, apellidos, telefono, fecha_nac, admin) values ('95433838m','rnp@email.com', 'Rafael', ' Nadal Parera', '883837575', '03/06/1989', 0);

insert into Usuario (dni, email, nombre, apellidos, telefono, fecha_nac, admin) values ('30325494l','lmp@email.com', 'Lionel', 'Momingo Pelelo', '883247575', '2/1/1980', 0);
insert into Usuario (dni, email, nombre, apellidos, telefono, fecha_nac, admin) values ('45333292r','nmc@email.com', 'Nadia', ' Malacute Contreras', '883147575', '1/1/1990', 0);
insert into Usuario (dni, email, nombre, apellidos, telefono, fecha_nac, admin) values ('33024959w','fnf@email.com', 'Francesca', ' Niso Franco', '883047575', '2/10/2000', 0);



insert into Direccion (calle, cod_postal, ciudad, provincia, pais) values ('0 Pond Road', '65960', null, null, null);
insert into Direccion (calle, cod_postal, ciudad, provincia, pais) values ('4822 Macpherson Place', '61109', null, null, null);
insert into Direccion (calle, cod_postal, ciudad, provincia, pais) values ('41 Eastlawn Pass', '07658', null, null, null);
insert into Direccion (calle, cod_postal, ciudad, provincia, pais) values ('241 Roxbury Terrace', '56116', null, null, null);
insert into Direccion (calle, cod_postal, ciudad, provincia, pais) values ('56736 Blackbird Alley', '61716', null, null, 'Spain');
insert into Direccion (calle, cod_postal, ciudad, provincia, pais) values ('2216 Jana Road', '15940', null, 'Galicia', null);
insert into Direccion (calle, cod_postal, ciudad, provincia, pais) values ('56 Northview Way', '71988', 'Jaen', 'Andalucia', 'Spain');
insert into Direccion (calle, cod_postal, ciudad, provincia, pais) values ('1719 Lawn Crossing', '35738', null, null, null);
insert into Direccion (calle, cod_postal, ciudad, provincia, pais) values ('5 Farragut Court', '35240', null, null, null);
insert into Direccion (calle, cod_postal, ciudad, provincia, pais) values ('895 Bartelt Trail', '67349', null, null, 'Spain');
insert into Direccion (calle, cod_postal, ciudad, provincia, pais) values ('60 Utah Alley', '67969', 'Dos Hermanas', null, null);
insert into Direccion (calle, cod_postal, ciudad, provincia, pais) values ('8 Grim Pass', '28676', null, 'Andalucia', 'Spain');
insert into Direccion (calle, cod_postal, ciudad, provincia, pais) values ('6 Westport Center', '51099', null, null, null);
insert into Direccion (calle, cod_postal, ciudad, provincia, pais) values ('2938 Sullivan Alley', '62594', null, null, null);
insert into Direccion (calle, cod_postal, ciudad, provincia, pais) values ('1 Rieder Pass', '71246', null, 'Andalucia', null);
insert into Direccion (calle, cod_postal, ciudad, provincia, pais) values ('4753 Manitowish Crossing', '28689', null, null, null);
insert into Direccion (calle, cod_postal, ciudad, provincia, pais) values ('43905 Nancy Plaza', '04332', null, null, null);
insert into Direccion (calle, cod_postal, ciudad, provincia, pais) values ('64 Alpine Road', '46078', 'Vigo', null, null);
insert into Direccion (calle, cod_postal, ciudad, provincia, pais) values ('163 Oxford Lane', '42877', null, null, null);
insert into Direccion (calle, cod_postal, ciudad, provincia, pais) values ('6603 Linden Circle', '94576', null, null, null);
insert into Direccion (calle, cod_postal, ciudad, provincia, pais) values ('111 Rigney Plaza', '20747', 'Santiago De Compostela', null, null);
insert into Direccion (calle, cod_postal, ciudad, provincia, pais) values ('61 Lawn Hill', '32904', null, null, null);
insert into Direccion (calle, cod_postal, ciudad, provincia, pais) values ('3 Crest Line Road', '82498', null, null, null);
insert into Direccion (calle, cod_postal, ciudad, provincia, pais) values ('9 Sachs Point', '76552', null, null, 'Spain');
insert into Direccion (calle, cod_postal, ciudad, provincia, pais) values ('449 Helena Lane', '09247', null, null, 'Spain');
insert into Direccion (calle, cod_postal, ciudad, provincia, pais) values ('6419 Artisan Terrace', '13432', null, 'Galicia', null);
insert into Direccion (calle, cod_postal, ciudad, provincia, pais) values ('12 Westend Crossing', '58793', null, null, null);
insert into Direccion (calle, cod_postal, ciudad, provincia, pais) values ('144 Burning Wood Circle', '45869', 'Ferrol', 'Galicia', 'Spain');
insert into Direccion (calle, cod_postal, ciudad, provincia, pais) values ('11 Helena Circle', '88225', null, null, null);
insert into Direccion (calle, cod_postal, ciudad, provincia, pais) values ('49 Maple Trail', '49497', null, 'Andalucia', null);
insert into Direccion (calle, cod_postal, ciudad, provincia, pais) values ('1643 Del Sol Way', '41688', null, 'Andalucia', 'Spain');
insert into Direccion (calle, cod_postal, ciudad, provincia, pais) values ('9 Steensland Parkway', '29082', 'Ourense', 'Galicia', null);
insert into Direccion (calle, cod_postal, ciudad, provincia, pais) values ('19829 Mallory Lane', '50204', 'Lugo', null, 'Spain');
insert into Direccion (calle, cod_postal, ciudad, provincia, pais) values ('98187 Fallview Road', '16395', null, null, 'Spain');
insert into Direccion (calle, cod_postal, ciudad, provincia, pais) values ('8796 Welch Parkway', '44667', null, 'Andalucia', 'Spain');
insert into Direccion (calle, cod_postal, ciudad, provincia, pais) values ('189 Brown Street', '18092', null, null, 'Spain');
insert into Direccion (calle, cod_postal, ciudad, provincia, pais) values ('5 Sauthoff Way', '47157', null, null, null);
insert into Direccion (calle, cod_postal, ciudad, provincia, pais) values ('7718 Fairview Circle', '07032', null, null, null);
insert into Direccion (calle, cod_postal, ciudad, provincia, pais) values ('51 Tony Pass', '58838', 'Granada', 'Andalucia', 'Spain');
insert into Direccion (calle, cod_postal, ciudad, provincia, pais) values ('09422 Bayside Street', '06159', null, null, 'Spain');
insert into Direccion (calle, cod_postal, ciudad, provincia, pais) values ('7920 Brown Point', '93114', 'Vigo', 'Galicia', 'Spain');
insert into Direccion (calle, cod_postal, ciudad, provincia, pais) values ('6 Green Hill', '46231', null, 'Galicia', 'Spain');
insert into Direccion (calle, cod_postal, ciudad, provincia, pais) values ('03 Grim Road', '76752', null, null, null);
insert into Direccion (calle, cod_postal, ciudad, provincia, pais) values ('178 4th Point', '68719', 'Lugo', null, null);
insert into Direccion (calle, cod_postal, ciudad, provincia, pais) values ('64 Portage Terrace', '01951', null, null, null);
insert into Direccion (calle, cod_postal, ciudad, provincia, pais) values ('62 Stone Corner Alley', '74995', null, null, null);
insert into Direccion (calle, cod_postal, ciudad, provincia, pais) values ('42 Grim Center', '92741', null, null, null);
insert into Direccion (calle, cod_postal, ciudad, provincia, pais) values ('233 Pond Junction', '59695', null, 'Andalucia', null);
insert into Direccion (calle, cod_postal, ciudad, provincia, pais) values ('94910 Hazelcrest Parkway', '47510', null, null, null);
insert into Direccion (calle, cod_postal, ciudad, provincia, pais) values ('8 Cordelia Hill', '95401', null, null, null);
insert into Direccion (calle, cod_postal, ciudad, provincia, pais) values ('525 Sutherland Park', '96256', null, null, null);
insert into Direccion (calle, cod_postal, ciudad, provincia, pais) values ('492 La Follette Hill', '55219', null, 'Galicia', null);
insert into Direccion (calle, cod_postal, ciudad, provincia, pais) values ('3431 Barby Road', '97288', 'Pontevedra', 'Galicia', 'Spain');
insert into Direccion (calle, cod_postal, ciudad, provincia, pais) values ('199 Badeau Crossing', '75472', null, null, 'Spain');
insert into Direccion (calle, cod_postal, ciudad, provincia, pais) values ('726 Autumn Leaf Place', '80288', null, 'Galicia', null);
insert into Direccion (calle, cod_postal, ciudad, provincia, pais) values ('9 Dapin Lane', '26044', null, null, null);
insert into Direccion (calle, cod_postal, ciudad, provincia, pais) values ('541 Mcguire Street', '59326', null, null, null);
insert into Direccion (calle, cod_postal, ciudad, provincia, pais) values ('9988 Barby Point', '86100', null, null, null);
insert into Direccion (calle, cod_postal, ciudad, provincia, pais) values ('31131 Aberg Circle', '60687', null, null, 'Spain');
insert into Direccion (calle, cod_postal, ciudad, provincia, pais) values ('458 Donald Court', '61801', 'Santiago De Compostela', null, 'Spain');
insert into Direccion (calle, cod_postal, ciudad, provincia, pais) values ('9 Toban Avenue', '94893', null, null, null);
insert into Direccion (calle, cod_postal, ciudad, provincia, pais) values ('4 Northfield Center', '88127', 'Cadiz', null, 'Spain');
insert into Direccion (calle, cod_postal, ciudad, provincia, pais) values ('7660 Bluejay Avenue', '56336', null, 'Andalucia', null);
insert into Direccion (calle, cod_postal, ciudad, provincia, pais) values ('395 Jay Junction', '43317', null, null, 'Spain');
insert into Direccion (calle, cod_postal, ciudad, provincia, pais) values ('8403 Carberry Trail', '14650', null, null, 'Spain');
insert into Direccion (calle, cod_postal, ciudad, provincia, pais) values ('94695 Holy Cross Street', '05684', null, null, null);
insert into Direccion (calle, cod_postal, ciudad, provincia, pais) values ('52 Pond Center', '45366', null, 'Galicia', 'Spain');
insert into Direccion (calle, cod_postal, ciudad, provincia, pais) values ('60 Portage Drive', '66249', null, 'Galicia', null);
insert into Direccion (calle, cod_postal, ciudad, provincia, pais) values ('66502 Colorado Park', '98800', null, 'Galicia', 'Spain');
insert into Direccion (calle, cod_postal, ciudad, provincia, pais) values ('5450 Basil Way', '05241', null, null, 'Spain');
insert into Direccion (calle, cod_postal, ciudad, provincia, pais) values ('33 Melrose Pass', '51354', 'Sevilla', 'Andalucia', null);
insert into Direccion (calle, cod_postal, ciudad, provincia, pais) values ('6672 Onsgard Point', '44590', null, 'Galicia', null);
insert into Direccion (calle, cod_postal, ciudad, provincia, pais) values ('3914 Wayridge Point', '14511', null, null, null);
insert into Direccion (calle, cod_postal, ciudad, provincia, pais) values ('517 Lien Road', '04897', null, 'Andalucia', null);
insert into Direccion (calle, cod_postal, ciudad, provincia, pais) values ('6 Buhler Point', '15877', null, null, null);
insert into Direccion (calle, cod_postal, ciudad, provincia, pais) values ('578 Daystar Point', '33789', 'Santiago De Compostela', null, 'Spain');
insert into Direccion (calle, cod_postal, ciudad, provincia, pais) values ('280 Del Sol Trail', '89344', 'Pontevedra', null, null);
insert into Direccion (calle, cod_postal, ciudad, provincia, pais) values ('283 Kingsford Plaza', '04862', null, null, 'Spain');
insert into Direccion (calle, cod_postal, ciudad, provincia, pais) values ('23392 Memorial Trail', '46147', null, null, null);
insert into Direccion (calle, cod_postal, ciudad, provincia, pais) values ('8 Elka Lane', '76000', null, null, 'Spain');
insert into Direccion (calle, cod_postal, ciudad, provincia, pais) values ('168 Springview Drive', '33822', null, null, null);
insert into Direccion (calle, cod_postal, ciudad, provincia, pais) values ('11 Magdeline Terrace', '34007', null, null, null);
insert into Direccion (calle, cod_postal, ciudad, provincia, pais) values ('3 Stone Corner Hill', '07508', null, null, null);
insert into Direccion (calle, cod_postal, ciudad, provincia, pais) values ('1 Melody Way', '04838', null, 'Andalucia', 'Spain');
insert into Direccion (calle, cod_postal, ciudad, provincia, pais) values ('1101 Gateway Junction', '84232', 'Dos Hermanas', null, null);
insert into Direccion (calle, cod_postal, ciudad, provincia, pais) values ('2227 Miller Road', '41417', 'Jaen', 'Andalucia', 'Spain');
insert into Direccion (calle, cod_postal, ciudad, provincia, pais) values ('257 Lyons Parkway', '73593', null, null, null);
insert into Direccion (calle, cod_postal, ciudad, provincia, pais) values ('97 Nova Road', '34944', null, null, null);
insert into Direccion (calle, cod_postal, ciudad, provincia, pais) values ('328 Hazelcrest Trail', '25990', null, null, 'Spain');
insert into Direccion (calle, cod_postal, ciudad, provincia, pais) values ('24823 Jay Trail', '65132', null, 'Andalucia', 'Spain');
insert into Direccion (calle, cod_postal, ciudad, provincia, pais) values ('26737 Scoville Lane', '26068', null, null, null);
insert into Direccion (calle, cod_postal, ciudad, provincia, pais) values ('10215 Killdeer Avenue', '25304', null, null, 'Spain');
insert into Direccion (calle, cod_postal, ciudad, provincia, pais) values ('17727 Schlimgen Avenue', '58686', 'Jaen', null, null);
insert into Direccion (calle, cod_postal, ciudad, provincia, pais) values ('2 Bultman Alley', '78422', null, 'Andalucia', 'Spain');
insert into Direccion (calle, cod_postal, ciudad, provincia, pais) values ('9 Morning Hill', '95325', null, null, null);
insert into Direccion (calle, cod_postal, ciudad, provincia, pais) values ('03939 Roth Crossing', '23312', null, 'Galicia', 'Spain');
insert into Direccion (calle, cod_postal, ciudad, provincia, pais) values ('406 Algoma Point', '52323', null, null, null);
insert into Direccion (calle, cod_postal, ciudad, provincia, pais) values ('44680 Tony Road', '14135', null, 'Galicia', 'Spain');
insert into Direccion (calle, cod_postal, ciudad, provincia, pais) values ('44778 Forest Court', '97129', 'Vigo', null, 'Spain');
insert into Direccion (calle, cod_postal, ciudad, provincia, pais) values ('006 Bonner Crossing', '11298', null, null, null);

insert into Direccion (calle, cod_postal, ciudad, provincia, pais) values ('La Mancha', '03610', 'Petrer', 'Alicante', 'España');
insert into Direccion (calle, cod_postal, ciudad, provincia, pais) values ('Calle Mayor', '02811', 'Alcornoque', 'Pontevedra', 'España');
insert into Direccion (calle, cod_postal, ciudad, provincia, pais) values ('Muralla 12', '14859', 'Ávila', 'Ávila', 'España');
insert into Direccion (calle, cod_postal, ciudad, provincia, pais) values ('Brigadier Algarra', '03610', 'Petrer', 'Alicante', 'España');
insert into Direccion (calle, cod_postal, ciudad, provincia, pais) values ('Banyeres', '29734', 'Cadaqués', 'Gerona', 'España');


insert into Direccion_en ([usuario],[direccion]) values (3,1);
insert into Direccion_en ([usuario],[direccion]) values (23,2);
insert into Direccion_en ([usuario],[direccion]) values (12,3);
insert into Direccion_en ([usuario],[direccion]) values (6,4);
insert into Direccion_en ([usuario],[direccion]) values (9,33);
insert into Direccion_en ([usuario],[direccion]) values (2,2);
insert into Direccion_en ([usuario],[direccion]) values (12,9);
insert into Direccion_en ([usuario],[direccion]) values (1,12);



INSERT INTO Locker (nombre) VALUES ('Kiosko Laura');
INSERT INTO Locker (nombre) VALUES ('Casa Paquirrín');
INSERT INTO Locker (nombre) VALUES ('Panadería Tomasa');
INSERT INTO Locker (nombre) VALUES ('Habana');
INSERT INTO Locker (nombre) VALUES ('Correos');



insert into Locker_en ([direccion],[locker]) values (110,1);
insert into Locker_en ([direccion],[locker]) values (111,2);
insert into Locker_en ([direccion],[locker]) values (112,3);
insert into Locker_en ([direccion],[locker]) values (116,4);




insert into Categoria(tipo,descripcion) values ('Ratones','El ratón es un dispositivo apuntador utilizado para facilitar el manejo de un entorno gráfico en una computadora');
insert into Categoria(tipo,descripcion) values ('Auriculares','El auricular es transductor que recibe una señal eléctrica originada desde una fuente electrónica');
insert into Categoria(tipo,descripcion) values ('Monitores','El monitor u ordenador es el principal dispositivo de salida que muestra los datos e información de los [usuario]s');
insert into Categoria(tipo,descripcion) values ('Teclados','El teclado es un dispositivo de entrada, en parte inspirado en el teclado de las máquinas de escribir');
insert into Categoria(tipo,descripcion) values ('Alfombrillas','La alfombrilla es una superficie que mejora el movimiento del ratón');
insert into Categoria(tipo,descripcion) values ('Ordenadores','Máquinas listas para usar con las mejores calidades');



insert into Promocion(descuento,disponibilidad) values (80,0);
insert into Promocion(descuento,disponibilidad) values (60,0);
insert into Promocion(descuento,disponibilidad) values (20,1);
insert into Promocion(descuento,disponibilidad) values (30,1);
insert into Promocion(descuento,disponibilidad) values (50,1);
insert into Promocion(descuento,disponibilidad) values (90,1);
insert into Promocion(descuento,disponibilidad) values (100,0);



insert into Producto(nombre,pvp,url_image,descripcion,stock,popularidad,promocion,categoria) values ('Newskill Sylvanus PRO Auriculares Gaming',54.99,'Images/Productos/1','Auriculares Gaming con Sonido Envolvente Virtual 7.1 Multiplataforma',40,100,null,'Auriculares');
insert into Producto(nombre,pvp,url_image,descripcion,stock,popularidad,promocion,categoria) values ('Cool Kids Auriculares Bluetooth Infantiles',26.11,'Images/Productos/2','Cascos ergonómicos suaves y seguros, ideales para niños. Volumen limitado para una experiencia perfecta',20,5,null,'Auriculares');
insert into Producto(nombre,pvp,url_image,descripcion,stock,popularidad,promocion,categoria) values ('Logitech Headset PC 960 USB',27.99,'Images/Productos/3','Cascos del Xocas',25,100,null,'Auriculares');

insert into Producto(nombre,pvp,url_image,descripcion,stock,popularidad,promocion,categoria) values ('Forgeon Perdition RGB Ratón Gaming',35.99,'Images/Productos/4','Ratón ergonómico RGB con 16.000 DPI en color negro',10,60,3,'Ratones');
insert into Producto(nombre,pvp,url_image,descripcion,stock,popularidad,promocion,categoria) values ('Logitech M185 Ratón Inalámbrico',12.00,'Images/Productos/5','Ratón inalámbrico en color gris muy comodo',200,14,3,'Ratones');
insert into Producto(nombre,pvp,url_image,descripcion,stock,popularidad,promocion,categoria) values ('Apple Magic Mouse Plata',85.00,'Images/Productos/6','Ratón Magic Mouse de Apple inalámbrico en color plata',76,65,3,'Ratones');

insert into Producto(nombre,pvp,url_image,descripcion,stock,popularidad,promocion,categoria) values ('HP OMEN 27" LED IPS FullHD 165Hz FreeSync',169.00,'Images/Productos/7','Su excelente rendimiento y la nitidez de sus colores permiten que pueda perderse en los juegos que más le gustan',21,70,6,'Monitores');
insert into Producto(nombre,pvp,url_image,descripcion,stock,popularidad,promocion,categoria) values ('AOC 27B3HA2 LED IPS 27" FullHD 100Hz',109.90,'Images/Productos/8','Claridad de alto rendimiento con monitor FHD de 27" y 100Hz con HDMI. ',76,10,6,'Monitores');
insert into Producto(nombre,pvp,url_image,descripcion,stock,popularidad,promocion,categoria) values ('HP OMEN 34c 34" WQHD 165Hz FreeSync Premium Curva',389.00,'Images/Productos/9','No hay nada mejor que evadirse con el monitor gaming curvo OMEN by HP de 34", WQHD, 165 Hz. Inmersión total gracias a su pantalla curva ultrapanorámica de 1500R',3,0,null,'Monitores');


insert into Producto(nombre,pvp,url_image,descripcion,stock,popularidad,promocion,categoria) values ('Logitech G915 TKL RGB',139.00,'Images/Productos/10','El G915 TKL es increíblemente refinado y sorprendentemente fino, duradero y hecho ante todo para ofrecer rendimiento y funciones.',10,32,null,'Teclados');
insert into Producto(nombre,pvp,url_image,descripcion,stock,popularidad,promocion,categoria) values ('Newskill Serike V2 TKL',75.00,'Images/Productos/11','El teclado mecánico para juegos Serike V2 te ofrece la experiencia más completa para jugar',76,65,null,'Teclados');
insert into Producto(nombre,pvp,url_image,descripcion,stock,popularidad,promocion,categoria) values ('Tempest K20 Beast',32.44,'Images/Productos/12','Teclado Mecánico Inalámbrico Gaming RGB TKL Mini Negro',500,100,null,'Monitores');





insert into Testimonial(mensaje) values ('Explorar la tienda digital fue como navegar en un universo de posibilidades tecnológicas. ¡Una experiencia fascinante!');
insert into Testimonial(mensaje) values ('Hallé la laptop perfecta entre brillantes pantallas y veloces procesadores. ¡Una elección que despierta sonrisas!');
insert into Testimonial(mensaje) values ('Cada clic fue un descubrimiento. Encontré periféricos que potenciaron mi creatividad. ¡Una compra inolvidable');
insert into Testimonial(mensaje) values ('Sumergirme en la tienda virtual fue como entrar en un oasis tecnológico. ¡Una aventura que despierta la imaginación');
insert into Testimonial(mensaje) values ('Desde el primer contacto, la atención al cliente fue excepcional. ¡Un servicio que marca la diferencia!');
insert into Testimonial(mensaje) values ('Explorar las ofertas de la tienda digital fue como encontrar tesoros en un mar de innovación. ¡Una experiencia emocionante');
insert into Testimonial(mensaje) values ('La facilidad de navegación hizo que mi compra fuera un paseo por el paraíso digital. ¡Una sensación de satisfacción absoluta');
insert into Testimonial(mensaje) values ('Cada artículo estaba envuelto en posibilidades infinitas. ¡Una visita que despierta la curiosidad!');
insert into Testimonial(mensaje) 
values ('Descubrir la tienda online fue como abrir una puerta a un mundo de tecnología. ¡Una experiencia que alimenta la pasión por lo digital!');
insert into Testimonial(mensaje) values ('Explorar la tienda de informática fue como ser un niño en una juguetería, pero con gadgets. ¡Una emoción indescriptible!');



insert into Califica(testimonial,[usuario]) values (1,1);
insert into Califica(testimonial,[usuario]) values (2,2);
insert into Califica(testimonial,[usuario]) values (3,3);
insert into Califica(testimonial,[usuario]) values (4,4);
insert into Califica(testimonial,[usuario]) values (5,5);
insert into Califica(testimonial,[usuario]) values (6,6);
insert into Califica(testimonial,[usuario]) values (7,7);
insert into Califica(testimonial,[usuario]) values (8,8);
insert into Califica(testimonial,[usuario]) values (9,9);
insert into Califica(testimonial,[usuario]) values (10,10);


-- insert into Valora([[usuario]],producto,puntuacion,descripcion) values (2,1,5,'Los mejores cascos que he probado en mi vida');
insert into Valora([usuario],producto,puntuacion,descripcion) values (6,1,0,'No me han gustado nada, los he probado 100h y ya se están pelando');
insert into Valora([usuario],producto,puntuacion,descripcion) values (32,1,2,'Demasido caros para lo que ofrecen');
insert into Valora([usuario],producto,puntuacion,descripcion) values (1,1,4,null);
